station_file,station,country,record_count,linear_rmse,linear_mae,linear_r2,ridge_rmse,ridge_mae,ridge_r2,ridge_best_alpha,ridge_cv_rmse
CHAD_AMTIMAN_Q_Day.Cmd.csv,AM-TIMAN,CHAD,382.0,38.99821354818501,21.663587690637456,0.3250475767478379,37.975431034504396,20.02170064279512,0.3599864648087827,10.0,46.700413180648724
CHAD_LAI_Q_Day.Cmd.csv,LAI,CHAD,646.0,94.55785435483584,68.9246938293121,0.6466106918497826,93.60468595727455,68.38157993669017,0.6536993003368867,10.0,206.22559461468114
AMAZON_SAOFELIPE_Q_Day.Cmd.csv,SAO-FELIPE,BRAZIL,917.0,1706.6634513511344,1163.0510380202682,0.6023431856904934,1713.6935296082165,1171.7331795110986,0.5990603870272608,10.0,1860.195266689469
AMAZON_MANACAPURU_Q_Day.Cmd.csv,MANACAPURU,BRAZIL,1875.0,8712.410017294911,5241.4632224827765,0.914087757679421,8703.946362106564,5233.129795293992,0.9142545951925017,10.0,10012.045098199344
AMAZON_OBIDOS_Q_Day.Cmd.csv,OBIDOS,BRAZIL,2740.0,11446.458688906243,5125.122604991387,0.9472608101767016,11445.69284618961,5134.826590126019,0.9472678671319277,1.0,10414.973377704398
